{
    "AmericanoRecursivoDinamico": 0.010101795196533203,
    "AmericanoRecursivoEstatico": 0.00841832160949707,
    "AmericanoIterativoDinamico": 0.0,
    "AmericanoIterativoEstatico": 0.0,
    "DivideYVenceras": 0.0011777877807617188,
    "HinduIterativoEstatico": 0.0,
    "InglesaRecursivoDinamico": 0.0053327083587646484,
    "InglesaRecursivoEstatico": 0.014609098434448242,
    "InglesaIterativoDinamico": 0.0,
    "InglesaIterativoEstatico": 0.0
}