{
    "AmericanoRecursivoDinamico": 0.004506826400756836,
    "AmericanoRecursivoEstatico": 0.007492542266845703,
    "AmericanoIterativoDinamico": 0.0,
    "AmericanoIterativoEstatico": 0.0,
    "DivideYVenceras": 0.0001270771026611328,
    "HinduIterativoEstatico": 0.0,
    "InglesaRecursivoDinamico": 0.008963584899902344,
    "InglesaRecursivoEstatico": 0.005516767501831055,
    "InglesaIterativoDinamico": 0.0,
    "InglesaIterativoEstatico": 0.0
}