{
    "AmericanoRecursivoDinamico": 0.015458345413208008,
    "AmericanoRecursivoEstatico": 0.006573915481567383,
    "AmericanoIterativoDinamico": 0.0,
    "AmericanoIterativoEstatico": 0.0007810592651367188,
    "DivideYVenceras": 0.0006549358367919922,
    "HinduIterativoEstatico": 0.0,
    "InglesaRecursivoDinamico": 0.006503582000732422,
    "InglesaRecursivoEstatico": 0.006520509719848633,
    "InglesaIterativoDinamico": 0.0,
    "InglesaIterativoEstatico": 0.0
}