{
    "TimSort": 0.0010023117065429688,
    "CombSort": 0.0020024776458740234,
    "TreeSort": 0.08701705932617188,
    "PigeonholeSort": 4.106992483139038,
    "HeapSort": 0.003000020980834961,
    "BitonicSort": 0.007996320724487305,
    "GnomeSort": 76.0272,
    "RadixSort1": 0.002962827682495117,
    "RadixSort2": 0.006997108459472656,
    "GmoneSort": 0.0
}